Team,"Year, 2005-2019",NFL head coach (coaching position),Offensive Coordinators,Defensive Coordinators
CRD,2019,Kliff Kingsbury ,N/A,Vance Joseph
CRD,2018,Steve Wilks,"Byron Leftwich, Mike McCoy",Al Holcomb
CRD,2017,Bruce Arians ,Harold Goodwin,James Bettcher
CRD,2016,Bruce Arians,Harold Goodwin,James Bettcher
CRD,2015,Bruce Arians,Harold Goodwin,James Bettcher
CRD,2014,Bruce Arians ,Harold Goodwin,Todd Bowles
CRD,2013,Bruce Arians,Harold Goodwin,Todd Bowles
CRD,2012,Ken Whisenhunt,Mike Miller,Ray Horton
CRD,2011,Ken Whisenhunt,Mike Miller,Ray Horton
CRD,2010,Ken Whisenhunt ,N/A,Bill Davis
CRD,2009,Ken Whisenhunt,N/A,Bill Davis
CRD,2008,Ken Whisenhunt ,Todd Haley,Clancy Pendergast
CRD,2007,Ken Whisenhunt,Todd Haley,Clancy Pendergast
CRD,2006,Dennis Green ,"Mike Kruczek, Keith Rowen",Clancy Pendergast
CRD,2005,Dennis Green,Keith Rowen,Clancy Pendergast
ATL,2019,Dan Quinn,Dirk Koetter,Dan Quinn
ATL,2018,Dan Quinn ,Steve Sarkisian,Marquand Manuel
ATL,2017,Dan Quinn ,Steve Sarkisian,Marquand Manuel
ATL,2016,Dan Quinn ,Kyle Shanahan,Richard Smith
ATL,2015,Dan Quinn,Kyle Shanahan,Richard Smith
ATL,2014,Mike Smith,Dirk Koetter,Mike Nolan
ATL,2013,Mike Smith,Dirk Koetter,Mike Nolan
ATL,2012,Mike Smith,Dirk Koetter,Mike Nolan
ATL,2011,Mike Smith,Mike Mularkey,Brian VanGorder
ATL,2010,Mike Smith,Mike Mularkey,Brian VanGorder
ATL,2009,Mike Smith,Mike Mularkey,Brian VanGorder
ATL,2008,Mike Smith,Mike Mularkey,Brian VanGorder
ATL,2007,Emmitt Thomas ,Hue Jackson,Mike Zimmer
ATL,2006,Jim Mora,Greg Knapp,Ed Donatell
ATL,2005,Jim Mora,Greg Knapp,Ed Donatell
RAV,2019,John Harbaugh ,Greg Roman,Don Martindale
RAV,2018,John Harbaugh,Marty Mornhinweg,Don Martindale
RAV,2017,John Harbaugh,Marty Mornhinweg,Dean Pees
RAV,2016,John Harbaugh,"Marty Mornhinweg, Marc Trestman",Dean Pees
RAV,2015,John Harbaugh ,Marc Trestman,Dean Pees
RAV,2014,John Harbaugh,Gary Kubiak,Dean Pees
RAV,2013,John Harbaugh ,Jim Caldwell,Dean Pees
RAV,2012,John Harbaugh ,"Jim Caldwell, Cam Cameron",Dean Pees
RAV,2011,John Harbaugh ,Cam Cameron,Chuck Pagano
RAV,2010,John Harbaugh ,Cam Cameron,Greg Mattison
RAV,2009,John Harbaugh ,Cam Cameron,Greg Mattison
RAV,2008,John Harbaugh ,Cam Cameron,Rex Ryan
RAV,2007,Brian Billick,Rick Neuheisel,Rex Ryan
RAV,2006,Brian Billick ,Jim Fassel,Rex Ryan
RAV,2005,Brian Billick ,Jim Fassel,Rex Ryan
BUF,2019,Sean McDermott ,Brian Daboll,Leslie Frazier
BUF,2018,Sean McDermott,Brian Daboll,Leslie Frazier
BUF,2017,Sean McDermott,Rick Dennison,Leslie Frazier
BUF,2016,"Anthony Lynn, Rex Ryan","Anthony Lynn, Greg Roman",Dennis Thurman
BUF,2015,Rex Ryan ,Greg Roman,Dennis Thurman
BUF,2014,Doug Marrone,Nathaniel Hackett,Jim Schwartz
BUF,2013,Doug Marrone,Nathaniel Hackett,Mike Pettine
BUF,2012,Chan Gailey ,Curtis Modkins,Dave Wannstedt
BUF,2011,Chan Gailey,Curtis Modkins,George Edwards
BUF,2010,Chan Gailey ,Curtis Modkins,George Edwards
BUF,2009,"Perry Fewell, Dick Jauron ",Alex Van Pelt,Perry Fewell
BUF,2008,Dick Jauron ,Turk Schonert,Perry Fewell
BUF,2007,Dick Jauron,Steve Fairchild,Perry Fewell
BUF,2006,Dick Jauron ,Steve Fairchild,Perry Fewell
BUF,2005,Mike Mularkey,Tom Clements,Jerry Gray
CAR,2019,"Perry Fewell, Ron Rivera ","Norv Turner, Scott Turner",Eric Washington
CAR,2018,Ron Rivera ,Norv Turner,Eric Washington
CAR,2017,Ron Rivera ,Mike Shula,Steve Wilks
CAR,2016,Ron Rivera,Mike Shula,Sean McDermott
CAR,2015,Ron Rivera ,Mike Shula,Sean McDermott
CAR,2014,Ron Rivera,Mike Shula,Sean McDermott
CAR,2013,Ron Rivera,Mike Shula,Sean McDermott
CAR,2012,Ron Rivera,Rob Chudzinski,Sean McDermott
CAR,2011,Ron Rivera,Rob Chudzinski,Sean McDermott
CAR,2010,John Fox ,Jeff Davidson,Ron Meeks
CAR,2009,John Fox,Jeff Davidson,Ron Meeks
CAR,2008,John Fox ,Jeff Davidson,Mike Trgovac
CAR,2007,John Fox,Jeff Davidson,Mike Trgovac
CAR,2006,John Fox,Dan Henning,Mike Trgovac
CAR,2005,John Fox ,Dan Henning,Mike Trgovac
CHI,2019,Matt Nagy ,Mark Helfrich,Chuck Pagano
CHI,2018,Matt Nagy,Mark Helfrich,Vic Fangio
CHI,2017,John Fox,Dowell Loggains,Vic Fangio
CHI,2016,John Fox,Dowell Loggains,Vic Fangio
CHI,2015,John Fox ,Adam Gase,Vic Fangio
CHI,2014,Marc Trestman ,Aaron Kromer,Mel Tucker
CHI,2013,Marc Trestman,Aaron Kromer,Mel Tucker
CHI,2012,Lovie Smith,Mike Tice,Rod Marinelli
CHI,2011,Lovie Smith,Mike Martz,Rod Marinelli
CHI,2010,Lovie Smith,Mike Martz,Rod Marinelli
CHI,2009,Lovie Smith ,Ron Turner,Bob Babich
CHI,2008,Lovie Smith ,Ron Turner,Bob Babich
CHI,2007,Lovie Smith ,Ron Turner,Bob Babich
CHI,2006,Lovie Smith,Ron Turner,Ron Rivera
CHI,2005,Lovie Smith ,Ron Turner,Ron Rivera
CIN,2019,Zac Taylor,Brian Callahan,Lou Anarumo
CIN,2018,Marvin Lewis,Bill Lazor,Teryl Austin
CIN,2017,Marvin Lewis ,"Bill Lazor, Ken Zampese",Paul Guenther
CIN,2016,Marvin Lewis ,Ken Zampese,Paul Guenther
CIN,2015,Marvin Lewis,Hue Jackson,Paul Guenther
CIN,2014,Marvin Lewis,Hue Jackson,Paul Guenther
CIN,2013,Marvin Lewis,Jay Gruden,Mike Zimmer
CIN,2012,Marvin Lewis,Jay Gruden,Mike Zimmer
CIN,2011,Marvin Lewis ,Jay Gruden,Mike Zimmer
CIN,2010,Marvin Lewis,Bob Bratkowski,Mike Zimmer
CIN,2009,Marvin Lewis,Bob Bratkowski,Mike Zimmer
CIN,2008,Marvin Lewis,Bob Bratkowski,Mike Zimmer
CIN,2007,Marvin Lewis,Bob Bratkowski,Chuck Bresnahan
CIN,2006,Marvin Lewis,Bob Bratkowski,Chuck Bresnahan
CIN,2005,Marvin Lewis ,Bob Bratkowski,Chuck Bresnahan
CLE,2019,Freddie Kitchens ,Todd Monken,Steve Wilks
CLE,2018,"Hue Jackson, Gregg Williams ","Todd Haley, Freddie Kitchens",Gregg Williams
CLE,2017,Hue Jackson ,N/A,Gregg Williams
CLE,2016,Hue Jackson ,N/A,Ray Horton
CLE,2015,Mike Pettine,John DeFilippo,Jim O'Neil
CLE,2014,Mike Pettine ,Kyle Shanahan,Jim O'Neil
CLE,2013,Rob Chudzinski ,Norv Turner,Ray Horton
CLE,2012,Pat Shurmur ,Brad Childress,Dick Jauron
CLE,2011,Pat Shurmur,N/A,Dick Jauron
CLE,2010,Eric Mangini ,Brian Daboll,Rob Ryan
CLE,2009,Eric Mangini ,Brian Daboll,Rob Ryan
CLE,2008,Romeo Crennel ,Rob Chudzinski,Mel Tucker
CLE,2007,Romeo Crennel ,Rob Chudzinski,Todd Grantham
CLE,2006,Romeo Crennel ,"Maurice Carthon, Jeff Davidson",Todd Grantham
CLE,2005,Romeo Crennel,Maurice Carthon,Todd Grantham
DAL,2019,Jason Garrett ,Kellen Moore,Rod Marinelli
DAL,2018,Jason Garrett,Scott Linehan,Rod Marinelli
DAL,2017,Jason Garrett ,Scott Linehan,Rod Marinelli
DAL,2016,Jason Garrett ,Scott Linehan,Rod Marinelli
DAL,2015,Jason Garrett ,Scott Linehan,Rod Marinelli
DAL,2014,Jason Garrett ,Bill Callahan,Rod Marinelli
DAL,2013,Jason Garrett ,Bill Callahan,Monte Kiffin
DAL,2012,Jason Garrett ,Bill Callahan,Rob Ryan
DAL,2011,Jason Garrett ,N/A,Rob Ryan
DAL,2010,"Wade Phillips, Jason Garrett ",Jason Garrett,Paul Pasqualoni
DAL,2009,Wade Phillips,Jason Garrett,N/A
DAL,2008,Wade Phillips,Jason Garrett,Brian Stewart
DAL,2007,Wade Phillips,Jason Garrett,Brian Stewart
DAL,2006,Bill Parcells ,N/A,Mike Zimmer
DAL,2005,Bill Parcells,N/A,Mike Zimmer
DEN,2019,Vic Fangio ,Rich Scangarello,Ed Donatell
DEN,2018,Vance Joseph,Bill Musgrave,Joe Woods
DEN,2017,Vance Joseph,"Mike McCoy, Bill Musgrave",Joe Woods
DEN,2016,Gary Kubiak,Rick Dennison,Wade Phillips
DEN,2015,Gary Kubiak ,Rick Dennison,Wade Phillips
DEN,2014,John Fox ,Adam Gase,Jack Del Rio
DEN,2013,John Fox,Adam Gase,Jack Del Rio
DEN,2012,John Fox,Mike McCoy,Jack Del Rio
DEN,2011,John Fox,Mike McCoy,Dennis Allen
DEN,2010,"Eric Studesville, Josh McDaniels ",Mike McCoy,Don Martindale
DEN,2009,Josh McDaniels,Mike McCoy,Mike Nolan
DEN,2008,Mike Shanahan,Rick Dennison,Bob Slowik
DEN,2007,Mike Shanahan,Rick Dennison,Bob Slowik
DEN,2006,Mike Shanahan,Rick Dennison,Larry Coyer
DEN,2005,Mike Shanahan,Gary Kubiak,Larry Coyer
DET,2019,Matt Patricia,Darrell Bevell,Paul Pasqualoni
DET,2018,Matt Patricia,Jim Bob Cooter,Paul Pasqualoni
DET,2017,Jim Caldwell ,Jim Bob Cooter,Teryl Austin
DET,2016,Jim Caldwell ,Jim Bob Cooter,Teryl Austin
DET,2015,Jim Caldwell ,"Jim Bob Cooter, Joe Lombardi",Teryl Austin
DET,2014,Jim Caldwell ,Joe Lombardi,Teryl Austin
DET,2013,Jim Schwartz ,Scott Linehan,Gunther Cunningham
DET,2012,Jim Schwartz ,Scott Linehan,Gunther Cunningham
DET,2011,Jim Schwartz ,Scott Linehan,Gunther Cunningham
DET,2010,Jim Schwartz,Scott Linehan,Gunther Cunningham
DET,2009,Jim Schwartz ,Scott Linehan,Gunther Cunningham
DET,2008,Rod Marinelli ,Jim Colletto,Joe Barry
DET,2007,Rod Marinelli ,Mike Martz,Joe Barry
DET,2006,Rod Marinelli,Mike Martz,Donnie Henderson
DET,2005,"Dick Jauron, Steve Mariucci","Greg Olson, Ted Tollner",Dick Jauron
GNB,2019,Matt LaFleur,Nathaniel Hackett,Mike Pettine
GNB,2018,"Joe Philbin, Mike McCarthy",Joe Philbin,Mike Pettine
GNB,2017,Mike McCarthy ,Edgar Bennett,Dom Capers
GNB,2016,Mike McCarthy,Edgar Bennett,Dom Capers
GNB,2015,Mike McCarthy ,Edgar Bennett,Dom Capers
GNB,2014,Mike McCarthy ,Tom Clements,Dom Capers
GNB,2013,Mike McCarthy ,Tom Clements,Dom Capers
GNB,2012,Mike McCarthy ,Tom Clements,Dom Capers
GNB,2011,Mike McCarthy ,Joe Philbin,Dom Capers
GNB,2010,Mike McCarthy ,Joe Philbin,Dom Capers
GNB,2009,Mike McCarthy ,Joe Philbin,Dom Capers
GNB,2008,Mike McCarthy,Joe Philbin,Bob Sanders
GNB,2007,Mike McCarthy,Joe Philbin,Bob Sanders
GNB,2006,Mike McCarthy ,Jeff Jagodzinski,Bob Sanders
GNB,2005,Mike Sherman,Tom Rossley,Jim Bates
HTX,2019,Bill O'Brien ,Tim Kelly,Romeo Crennel
HTX,2018,Bill O'Brien,N/A,Romeo Crennel
HTX,2017,Bill O'Brien,N/A,Mike Vrabel
HTX,2016,Bill O'Brien,George Godsey,Romeo Crennel
HTX,2015,Bill O'Brien ,George Godsey,Romeo Crennel
HTX,2014,Bill O'Brien ,N/A,Romeo Crennel
HTX,2013,"Wade Phillips, Gary Kubiak ",Rick Dennison,Wade Phillips
HTX,2012,Gary Kubiak ,Rick Dennison,Wade Phillips
HTX,2011,Gary Kubiak,Rick Dennison,Wade Phillips
HTX,2010,Gary Kubiak ,Rick Dennison,Frank Bush
HTX,2009,Gary Kubiak ,Kyle Shanahan,Frank Bush
HTX,2008,Gary Kubiak,Kyle Shanahan,Richard Smith
HTX,2007,Gary Kubiak,Mike Sherman,Richard Smith
HTX,2006,Gary Kubiak,Troy Calhoun,Richard Smith
HTX,2005,Dom Capers,"Chris Palmer, Joe Pendry", Vic Fangio
CLT,2019,Frank Reich,Nick Sirianni,Matt Eberflus
CLT,2018,Frank Reich ,Nick Sirianni,Matt Eberflus
CLT,2017,Chuck Pagano ,Rob Chudzinski,Ted Monachino
CLT,2016,Chuck Pagano,Rob Chudzinski,Ted Monachino
CLT,2015,Chuck Pagano ,"Rob Chudzinski, Pep Hamilton",Greg Manusky
CLT,2014,Chuck Pagano,Pep Hamilton,Greg Manusky
CLT,2013,Chuck Pagano ,Pep Hamilton,Greg Manusky
CLT,2012,Chuck Pagano ,Bruce Arians,Greg Manusky
CLT,2011,Jim Caldwell ,Clyde Christensen,Larry Coyer
CLT,2010,Jim Caldwell ,Clyde Christensen,Larry Coyer
CLT,2009,Jim Caldwell ,Tom Moore,Larry Coyer
CLT,2008,Tony Dungy ,Tom Moore,Ron Meeks
CLT,2007,Tony Dungy ,Tom Moore,Ron Meeks
CLT,2006,Tony Dungy ,Tom Moore,Ron Meeks
CLT,2005,Tony Dungy ,Tom Moore,Ron Meeks
JAX,2019,Doug Marrone ,John DeFilippo,Todd Wash
JAX,2018,Doug Marrone,Nathaniel Hackett,Todd Wash
JAX,2017,Doug Marrone,Nathaniel Hackett,Todd Wash
JAX,2016,"Doug Marrone, and Gus Bradley ","Nathaniel Hackett, Greg Olson",Todd Wash
JAX,2015,Gus Bradley ,Greg Olson,Bob Babich
JAX,2014,Gus Bradley ,Jedd Fisch,Bob Babich
JAX,2013,Gus Bradley ,Jedd Fisch,Bob Babich
JAX,2012,Mike Mularkey ,Bob Bratkowski,Mel Tucker
JAX,2011,"Mel Tucker, Jack Del Rio ",Dirk Koetter,Mel Tucker
JAX,2010,Jack Del Rio ,Dirk Koetter,Mel Tucker
JAX,2009,Jack Del Rio ,Dirk Koetter,Mel Tucker
JAX,2008,Jack Del Rio ,Dirk Koetter,Gregg Williams
JAX,2007,Jack Del Rio ,Dirk Koetter,Mike Smith
JAX,2006,Jack Del Rio,Carl Smith,Mike Smith
JAX,2005,Jack Del Rio ,Carl Smith,Mike Smith
KAN,2019,Andy Reid ,Eric Bieniemy,Steve Spagnuolo
KAN,2018,Andy Reid,Eric Bieniemy,Bob Sutton
KAN,2017,Andy Reid,Matt Nagy,Bob Sutton
KAN,2016,Andy Reid,Brad Childress,Bob Sutton
KAN,2015,Andy Reid,Doug Pederson,Bob Sutton
KAN,2014,Andy Reid,Doug Pederson,Bob Sutton
KAN,2013,Andy Reid ,Doug Pederson,Bob Sutton
KAN,2012,Romeo Crennel ,Brian Daboll,Romeo Crennel
KAN,2011,"Romeo Crennel, Todd Haley ",Bill Muir,Romeo Crennel
KAN,2010,Todd Haley ,Charlie Weis,Romeo Crennel
KAN,2009,Todd Haley ,Todd Haley,Clancy Pendergast
KAN,2008,Herm Edwards,Chan Gailey,Gunther Cunningham
KAN,2007,Herm Edwards,Mike Solari,Gunther Cunningham
KAN,2006,Herm Edwards ,Mike Solari,Gunther Cunningham
KAN,2005,Dick Vermeil ,Al Saunders,Gunther Cunningham
SDG,2019,Anthony Lynn,Ken Whisenhunt,Gus Bradley
SDG,2018,Anthony Lynn,Ken Whisenhunt,Gus Bradley
SDG,2017,Anthony Lynn ,Ken Whisenhunt,Gus Bradley
SDG,2016,Mike McCoy,Ken Whisenhunt,John Pagano
SDG,2015,Mike McCoy,Frank Reich,John Pagano
SDG,2014,Mike McCoy ,Frank Reich,John Pagano
SDG,2013,Mike McCoy ,Ken Whisenhunt,John Pagano
SDG,2012,Norv Turner ,Hal Hunter,John Pagano
SDG,2011,Norv Turner ,Clarence Shelmon,Greg Manusky
SDG,2010,Norv Turner,Clarence Shelmon,Ron Rivera
SDG,2009,Norv Turner,Clarence Shelmon,Ron Rivera
SDG,2008,Norv Turner ,Clarence Shelmon,"Ted Cottrell, Ron Rivera"
SDG,2007,Norv Turner ,Clarence Shelmon,Ted Cottrell
SDG,2006,Marty Schottenheimer ,Cam Cameron,Wade Phillips
SDG,2005,Marty Schottenheimer ,Cam Cameron,Wade Phillips
RAM,2019,Sean McVay ,N/A,Wade Phillips
RAM,2018,Sean McVay,N/A,Wade Phillips
RAM,2017,Sean McVay,Matt LaFleur,Wade Phillips
RAM,2016,"John Fassel, Jeff Fisher",Rob Boras,Gregg Williams
RAM,2015,Jeff Fisher ,"Rob Boras, Frank Cignetti",Gregg Williams
RAM,2014,Jeff Fisher ,Brian Schottenheimer,Gregg Williams
RAM,2013,Jeff Fisher ,Brian Schottenheimer,Tim Walton
RAM,2012,Jeff Fisher ,Brian Schottenheimer,N/A
RAM,2011,Steve Spagnuolo,Josh McDaniels,Ken Flajole
RAM,2010,Steve Spagnuolo ,Pat Shurmur,Ken Flajole
RAM,2009,Steve Spagnuolo,Pat Shurmur,Ken Flajole
RAM,2008,"Scott Linehan, Jim Haslett ",Al Saunders,"Jim Haslett, Rick Venturi"
RAM,2007,Scott Linehan ,Greg Olson,Jim Haslett
RAM,2006,Scott Linehan,Greg Olson,Jim Haslett
RAM,2005,"Mike Martz, Joe Vitt ",Steve Fairchild,Larry Marmie
MIA,2019,Brian Flores ,Chad O'Shea,Patrick Graham
MIA,2018,Adam Gase ,Dowell Loggains,Matt Burke
MIA,2017,Adam Gase,Clyde Christensen,Matt Burke
MIA,2016,Adam Gase,Clyde Christensen,Vance Joseph
MIA,2015,"Joe Philbin, Dan Campbell","Bill Lazor, Zac Taylor","Lou Anarumo, Kevin Coyle"
MIA,2014,Joe Philbin ,Bill Lazor,Kevin Coyle
MIA,2013,Joe Philbin,Mike Sherman,Kevin Coyle
MIA,2012,Joe Philbin ,Mike Sherman,Kevin Coyle
MIA,2011,"Todd Bowles, Tony Sparano",Brian Daboll,Mike Nolan
MIA,2010,Tony Sparano,Dan Henning,Mike Nolan
MIA,2009,Tony Sparano ,Dan Henning,Paul Pasqualoni
MIA,2008,Tony Sparano ,Dan Henning,Paul Pasqualoni
MIA,2007,Cam Cameron ,N/A,Dom Capers
MIA,2006,Nick Saban,Mike Mularkey,Dom Capers
MIA,2005,Nick Saban ,Scott Linehan,Richard Smith
MIN,2019,Mike Zimmer ,Kevin Stefanski,George Edwards
MIN,2018,Mike Zimmer ,John DeFilippo,George Edwards
MIN,2017,Mike Zimmer,Pat Shurmur,George Edwards
MIN,2016,Mike Zimmer ,"Pat Shurmur, Norv Turner",George Edwards
MIN,2015,Mike Zimmer ,Norv Turner,George Edwards
MIN,2014,Mike Zimmer ,Norv Turner,George Edwards
MIN,2013,Leslie Frazier,Bill Musgrave,Alan Williams
MIN,2012,Leslie Frazier ,Bill Musgrave,Alan Williams
MIN,2011,Leslie Frazier ,Bill Musgrave,Fred Pagac
MIN,2010,"Brad Childress, Leslie Frazier ",Darrell Bevell,"Leslie Frazier, Fred Pagac"
MIN,2009,Brad Childress ,Darrell Bevell,Leslie Frazier
MIN,2008,Brad Childress ,Darrell Bevell,Leslie Frazier
MIN,2007,Brad Childress ,Darrell Bevell,Leslie Frazier
MIN,2006,Brad Childress ,Darrell Bevell,Mike Tomlin
MIN,2005,Mike Tice ,Steve Loney,Ted Cottrell
NWE,2019,Bill Belichick ,Josh McDaniels,N/A
NWE,2018,Bill Belichick,Josh McDaniels,N/A
NWE,2017,Bill Belichick,Josh McDaniels,Matt Patricia
NWE,2016,Bill Belichick,Josh McDaniels,Matt Patricia
NWE,2015,Bill Belichick ,Josh McDaniels,Matt Patricia
NWE,2014,Bill Belichick,Josh McDaniels,Matt Patricia
NWE,2013,Bill Belichick ,Josh McDaniels,Matt Patricia
NWE,2012,Bill Belichick,Josh McDaniels,Matt Patricia
NWE,2011,Bill Belichick ,Bill O'Brien,N/A
NWE,2010,Bill Belichick ,N/A,N/A
NWE,2009,Bill Belichick ,N/A,Dean Pees
NWE,2008,Bill Belichick,Josh McDaniels,Dean Pees
NWE,2007,Bill Belichick ,Josh McDaniels,Dean Pees
NWE,2006,Bill Belichick,Josh McDaniels,Dean Pees
NWE,2005,Bill Belichick ,N/A,Eric Mangini
NOR,2019,Sean Payton,Pete Carmichael,Dennis Allen
NOR,2018,Sean Payton ,Pete Carmichael,Dennis Allen
NOR,2017,Sean Payton ,Pete Carmichael,Dennis Allen
NOR,2016,Sean Payton,Pete Carmichael,Dennis Allen
NOR,2015,Sean Payton ,Pete Carmichael,"Dennis Allen, Rob Ryan"
NOR,2014,Sean Payton,Pete Carmichael,Rob Ryan
NOR,2013,Sean Payton ,Pete Carmichael,Rob Ryan
NOR,2012,Aaron Kromer ,Pete Carmichael,Steve Spagnuolo
NOR,2011,Sean Payton,Pete Carmichael,Gregg Williams
NOR,2010,Sean Payton ,Pete Carmichael,Gregg Williams
NOR,2009,Sean Payton ,Pete Carmichael,Gregg Williams
NOR,2008,Sean Payton,Doug Marrone,Gary Gibbs
NOR,2007,Sean Payton ,Doug Marrone,Gary Gibbs
NOR,2006,Sean Payton ,Doug Marrone,Gary Gibbs
NOR,2005,Jim Haslett,Mike Sheppard,Rick Venturi
NYG,2019,Pat Shurmur ,Mike Shula,James Bettcher
NYG,2018,Pat Shurmur,Mike Shula,James Bettcher
NYG,2017,"Steve Spagnuolo, Ben McAdoo ",Mike Sullivan,Steve Spagnuolo
NYG,2016,Ben McAdoo,Mike Sullivan,Steve Spagnuolo
NYG,2015,Tom Coughlin,Ben McAdoo,Steve Spagnuolo
NYG,2014,Tom Coughlin ,Ben McAdoo,Perry Fewell
NYG,2013,Tom Coughlin ,Kevin Gilbride,Perry Fewell
NYG,2012,Tom Coughlin,Kevin Gilbride, Perry Fewell
NYG,2011,Tom Coughlin,Kevin Gilbride,Perry Fewell
NYG,2010,Tom Coughlin,Kevin Gilbride,Perry Fewell
NYG,2009,Tom Coughlin,Kevin Gilbride,Bill Sheridan
NYG,2008,Tom Coughlin,Kevin Gilbride,Steve Spagnuolo
NYG,2007,Tom Coughlin,Kevin Gilbride,Steve Spagnuolo
NYG,2006,Tom Coughlin ,John Hufnagel,Tim Lewis
NYG,2005,Tom Coughlin,John Hufnagel,Tim Lewis
NYJ,2019,Adam Gase ,Dowell Loggains,Gregg Williams
NYJ,2018,Todd Bowles ,Jeremy Bates,Kacy Rodgers
NYJ,2017,Todd Bowles ,John Morton,Kacy Rodgers
NYJ,2016,Todd Bowles,Chan Gailey,Kacy Rodgers
NYJ,2015,Todd Bowles ,Chan Gailey,Kacy Rodgers
NYJ,2014,Rex Ryan ,Marty Mornhinweg,Dennis Thurman
NYJ,2013,Rex Ryan,Marty Mornhinweg,Dennis Thurman
NYJ,2012,Rex Ryan,Tony Sparano,Mike Pettine
NYJ,2011,Rex Ryan,Brian Schottenheimer,Mike Pettine
NYJ,2010,Rex Ryan ,Brian Schottenheimer,Mike Pettine
NYJ,2009,Rex Ryan,Brian Schottenheimer,Mike Pettine
NYJ,2008,Eric Mangini ,Brian Schottenheimer,Bob Sutton
NYJ,2007,Eric Mangini ,Brian Schottenheimer,Bob Sutton
NYJ,2006,Eric Mangini,Brian Schottenheimer,Bob Sutton
NYJ,2005,Herm Edwards,Mike Heimerdinger,Donnie Henderson
RAI,2019,Jon Gruden,Greg Olson,Paul Guenther
RAI,2018,Jon Gruden ,Greg Olson,Paul Guenther
RAI,2017,Jack Del Rio ,Todd Downing,"Ken Norton, John Pagano"
RAI,2016,Jack Del Rio ,Bill Musgrave,Ken Norton
RAI,2015,Jack Del Rio,Bill Musgrave,Ken Norton
RAI,2014,"Dennis Allen, Tony Sparano ",Greg Olson,Jason Tarver
RAI,2013,Dennis Allen ,Greg Olson,Jason Tarver
RAI,2012,Dennis Allen ,Greg Knapp,Jason Tarver
RAI,2011,Hue Jackson,Al Saunders,Chuck Bresnahan
RAI,2010,Tom Cable,Hue Jackson,John Marshall
RAI,2009,Tom Cable,N/A,John Marshall
RAI,2008,"Lane Kiffin, Tom Cable",Greg Knapp,Rob Ryan
RAI,2007,Lane Kiffin,Greg Knapp,Rob Ryan
RAI,2006,Art Shell ,"John Shoop, Tom Walsh",Rob Ryan
RAI,2005,Norv Turner,Jimmy Raye,Rob Ryan
PHI,2019,Doug Pederson ,Mike Groh,Jim Schwartz
PHI,2018,Doug Pederson,Mike Groh,Jim Schwartz
PHI,2017,Doug Pederson ,Frank Reich,Jim Schwartz
PHI,2016,Doug Pederson ,Frank Reich,Jim Schwartz
PHI,2015,"Pat Shurmur, Chip Kelly ",Pat Shurmur,Bill Davis
PHI,2014,Chip Kelly,Pat Shurmur,Bill Davis
PHI,2013,Chip Kelly ,Pat Shurmur,Bill Davis
PHI,2012,Andy Reid,Marty Mornhinweg,"Todd Bowles, Juan Castillo"
PHI,2011,Andy Reid ,Marty Mornhinweg,Juan Castillo
PHI,2010,Andy Reid ,Marty Mornhinweg,Sean McDermott
PHI,2009,Andy Reid,Marty Mornhinweg,Sean McDermott
PHI,2008,Andy Reid,Marty Mornhinweg,Jim Johnson
PHI,2007,Andy Reid,Marty Mornhinweg,Jim Johnson
PHI,2006,Andy Reid ,Marty Mornhinweg,Jim Johnson
PHI,2005,Andy Reid ,Brad Childress,Jim Johnson
PIT,2019,Mike Tomlin ,Randy Fichtner,Keith Butler
PIT,2018,Mike Tomlin ,Randy Fichtner,Keith Butler
PIT,2017,Mike Tomlin,Todd Haley,Keith Butler
PIT,2016,Mike Tomlin,Todd Haley,Keith Butler
PIT,2015,Mike Tomlin,Todd Haley,Keith Butler
PIT,2014,Mike Tomlin,Todd Haley,Dick LeBeau
PIT,2013,Mike Tomlin,Todd Haley,Dick LeBeau
PIT,2012,Mike Tomlin,Todd Haley,Dick LeBeau
PIT,2011,Mike Tomlin,Bruce Arians,Dick LeBeau
PIT,2010,Mike Tomlin ,Bruce Arians,Dick LeBeau
PIT,2009,Mike Tomlin,Bruce Arians,Dick LeBeau
PIT,2008,Mike Tomlin ,Bruce Arians,Dick LeBeau
PIT,2007,Mike Tomlin,Bruce Arians,Dick LeBeau
PIT,2006,Bill Cowher,Ken Whisenhunt,Dick LeBeau
PIT,2005,Bill Cowher ,Ken Whisenhunt,Dick LeBeau
SFO,2019,Kyle Shanahan ,N/A,Robert Saleh
SFO,2018,Kyle Shanahan,N/A,Robert Saleh
SFO,2017,Kyle Shanahan ,N/A,Robert Saleh
SFO,2016,Chip Kelly,Curtis Modkins,Jim O'Neil
SFO,2015,Jim Tomsula,Geep Chryst,Eric Mangini
SFO,2014,Jim Harbaugh ,Greg Roman,Vic Fangio
SFO,2013,Jim Harbaugh ,Greg Roman,Vic Fangio
SFO,2012,Jim Harbaugh ,Greg Roman,Vic Fangio
SFO,2011,Jim Harbaugh,Greg Roman,Vic Fangio
SFO,2010,"Jim Tomsula, Mike Singletary",Jimmy Raye,Greg Manusky
SFO,2009,Mike Singletary ,Jimmy Raye,Greg Manusky
SFO,2008,"Mike Nolan, Mike Singletary",Mike Martz,Greg Manusky
SFO,2007,Mike Nolan,Jim Hostler,Greg Manusky
SFO,2006,Mike Nolan,Norv Turner,Bill Davis
SFO,2005,Mike Nolan,Mike McCarthy,Bill Davis
SEA,2019,Pete Carroll ,Brian Schottenheimer,Ken Norton
SEA,2018,Pete Carroll,Brian Schottenheimer,Ken Norton
SEA,2017,Pete Carroll,Darrell Bevell,Kris Richard
SEA,2016,Pete Carroll ,Darrell Bevell,Kris Richard
SEA,2015,Pete Carroll ,Darrell Bevell,Kris Richard
SEA,2014,Pete Carroll,Darrell Bevell,Dan Quinn
SEA,2013,Pete Carroll ,Darrell Bevell,Dan Quinn
SEA,2012,Pete Carroll ,Darrell Bevell,Gus Bradley
SEA,2011,Pete Carroll,Darrell Bevell,Gus Bradley
SEA,2010,Pete Carroll ,Jeremy Bates,Gus Bradley
SEA,2009,Jim Mora,Greg Knapp,Gus Bradley
SEA,2008,Mike Holmgren ,Gil Haskell,John Marshall
SEA,2007,Mike Holmgren,Gil Haskell,John Marshall
SEA,2006,Mike Holmgren ,Gil Haskell,John Marshall
SEA,2005,Mike Holmgren,Gil Haskell,"John Marshall, Ray Rhodes"
TAM,2019,Bruce Arians ,Byron Leftwich,Todd Bowles
TAM,2018,Dirk Koetter,Todd Monken,"Mark Duffner, Mike Smith"
TAM,2017,Dirk Koetter,Todd Monken,Mike Smith
TAM,2016,Dirk Koetter,Todd Monken,Mike Smith
TAM,2015,Lovie Smith ,Dirk Koetter,Leslie Frazier
TAM,2014,Lovie Smith,Jeff Tedford,Leslie Frazier
TAM,2013,Greg Schiano ,Mike Sullivan,Bill Sheridan
TAM,2012,Greg Schiano,Mike Sullivan,Bill Sheridan
TAM,2011,Raheem Morris ,Greg Olson,Keith Millard
TAM,2010,Raheem Morris,Greg Olson,Raheem Morris
TAM,2009,Raheem Morris,Greg Olson,"Jim Bates, Raheem Morris"
TAM,2008,Jon Gruden ,Bill Muir,Monte Kiffin
TAM,2007,Jon Gruden ,Bill Muir,Monte Kiffin
TAM,2006,Jon Gruden,Bill Muir,Monte Kiffin
TAM,2005,Jon Gruden ,Bill Muir,Monte Kiffin
OTI,2019,Mike Vrabel ,Arthur Smith,Dean Pees
OTI,2018,Mike Vrabel,Matt LaFleur,Dean Pees
OTI,2017,Mike Mularkey ,Terry Robiskie,Dick LeBeau
OTI,2016,Mike Mularkey ,Terry Robiskie,Dick LeBeau
OTI,2015,Ken Whisenhunt,Jason Michael,Ray Horton
OTI,2014,Ken Whisenhunt ,Jason Michael,Ray Horton
OTI,2013,Mike Munchak ,Dowell Loggains,Jerry Gray
OTI,2012,Mike Munchak ,Chris Palmer,Jerry Gray
OTI,2011,Mike Munchak,Chris Palmer,Jerry Gray
OTI,2010,Jeff Fisher ,Mike Heimerdinger,Chuck Cecil
OTI,2009,Jeff Fisher,Mike Heimerdinger,Chuck Cecil
OTI,2008,Jeff Fisher ,Mike Heimerdinger,Jim Schwartz
OTI,2007,Jeff Fisher,Norm Chow,Jim Schwartz
OTI,2006,Jeff Fisher,Norm Chow,Jim Schwartz
OTI,2005,Jeff Fisher ,Norm Chow,Jim Schwartz
WAS,2019,Jay Gruden,Kevin O'Connell,Greg Manusky
WAS,2018,Jay Gruden,Matt Cavanaugh,Greg Manusky
WAS,2017,Jay Gruden ,Matt Cavanaugh,Greg Manusky
WAS,2016,Jay Gruden,Sean McVay,Joe Barry
WAS,2015,Jay Gruden ,Sean McVay,Joe Barry
WAS,2014,Jay Gruden,Sean McVay,Jim Haslett
WAS,2013,Mike Shanahan ,Kyle Shanahan,Jim Haslett
WAS,2012,Mike Shanahan ,Kyle Shanahan,Jim Haslett
WAS,2011,Mike Shanahan ,Kyle Shanahan,Jim Haslett
WAS,2010,Mike Shanahan,Kyle Shanahan,Jim Haslett
WAS,2009,Jim Zorn,Sherman Smith,Greg Blache
WAS,2008,Jim Zorn,Sherman Smith,Greg Blache
WAS,2007,Joe Gibbs ,"Don Breaux, Al Saunders",Gregg Williams
WAS,2006,Joe Gibbs,"Don Breaux, Al Saunders",Gregg Williams
WAS,2005,Joe Gibbs ,Don Breaux,Gregg Williams
